surface_x,surface_y,gross_perforated_length,number_of_stages,total_proppant,total_fluid,true_vertical_depth,frac_seasoning,sibling_well,batch_concurrent_frac
947147.1748,1035962.615,6370.07874,13.0,360142.8571,2049015.067,8337.598425,0.967504775196054,1,0
955677.5229,1046163.699,5244.094488000001,13.0,376714.2857,1876123.612,8808.070866,0.7325687477104176,0,0
954696.7455,1045332.222,6694.88189,13.0,438285.7143,2773869.727,8638.779528000001,0.9090149821220627,0,0
958031.7779,1040111.409,6694.88189,13.0,438285.7143,2773869.727,8536.417323,0.9090149821220627,0,0
967972.6,1038411.501,2520.669291,13.0,273857.1429,1340587.457,8668.307087000001,0.9090149821220627,0,0
942302.5784,938743.9268,4371.062992,13.0,141285.7143,1131872.175,11639.76378,0.8374666287558015,0,0
1019056.633,1057818.8909999998,3820.866142,13.0,239000.0,1752182.271,7029.527559,0.8374666287558015,0,0
960202.8919,1044978.359,3569.88189,13.0,362000.0,1676984.01,8690.944882,0.7711646606364143,1,0
964436.2031,1031269.94,4080.708661,13.0,347857.1429,1593573.699,8555.11811,0.9026284412459752,1,0
965074.3133,1032559.224,5332.677165,13.0,368857.1429,1829619.176,8559.055118,0.8449070458972403,0,0
939995.4848,921648.6836,4246.062992,13.0,249509.2857,816660.805,11475.3937,0.9710516448699799,0,0
940001.8338,921666.5968,4906.4960630000005,13.0,214428.5714,1327389.205,11555.11811,0.9754660547759244,0,0
1079162.467,1063617.366,2374.0157480000003,13.0,89714.28571,1386899.25,6977.362204999999,0.9754660547759244,0,0
1074111.208,1063347.4840000002,4559.055118,13.0,468428.5714,1649547.16,7067.913386,0.9957377918930443,0,0
948858.4332,926671.976,4855.314961,13.0,420000.0,1782500.2759999998,11827.75591,0.7325687477104176,0,0
959761.1822,1045627.671,4172.244094,13.0,411857.1429,2348079.863,8755.905512000001,0.9402024588178787,0,0
947789.7165,1017098.726,2769.685039,13.0,411857.1429,1085.000168,4482.283465,0.9402024588178787,0,0
941510.7039,1042479.32,3334.645669,13.0,268285.7143,1331865.385,8782.480315,0.912001235290911,0,0
1005079.327,1006010.934,3496.062992,13.0,287571.4286,2338810.862,7455.708661,0.912001235290911,0,0
974040.0958,919071.7371,4240.15748,13.0,287571.4286,2338810.862,11967.51969,0.912001235290911,0,0
1020027.611,1060260.416,3949.80315,13.0,156857.1429,1178000.182,7052.165354000001,0.912001235290911,0,0
941747.895,937666.9283,3986.220472,22.0,287721.4286,2461593.762,11629.92126,1.0200434531560645,0,0
943019.0217,940287.0841,3204.724409,22.0,349428.5714,2104253.016,11654.52756,0.9815065955444632,0,0
937257.4896,933808.2229,6783.464567,22.0,484285.7143,3162358.097,11429.13386,0.9538597857904455,0,0
940520.4033,935263.3057,7769.685039,22.0,727857.1429,3553278.49,11510.82677,0.9402024588178787,0,0
1006259.125,1008400.124,3719.488189,22.0,218142.8571,1864324.789,7500.984251999999,0.9402024588178787,0,0
946210.8104,934085.6183,4274.606299,21.0,119071.4286,611021.9041,11615.15748,0.7063950542796786,0,0
948751.8202,938508.1338,4339.566929,29.0,711037.3571,2086439.823,11946.85039,0.8836050647842438,0,0
951283.4543,931579.9322,4056.102362,29.0,455142.8571,2115134.756,11643.70079,0.8449070458972403,0,0
953539.3364,936138.7227,4237.204724,29.0,388000.0,2712670.92,11871.06299,0.8102372017222292,0,0
924544.2091,937582.8009,4493.110236,10.0,385000.0,3048034.507,11471.45669,0.8449070458972403,0,0
959799.5221,1044096.523,4335.629921,10.0,384714.2857,2263854.696,8699.80315,0.9252374029075622,0,0
962897.1104,1039368.673,3858.267717,10.0,368000.0,2243134.514,8651.574803,0.9090149821220627,0,0
967617.4229,1036928.283,4131.8897640000005,10.0,357428.5714,2085458.156,8629.92126,0.9090149821220627,0,0
962231.54,1038045.8,2187.007874,10.0,191000.0,644074.9211,8791.338583,0.9090149821220627,0,0
951198.3269,931404.0989,4232.283465,10.0,490714.2857,2750986.9260000004,11865.15748,0.8293046663001791,0,0
948088.9228,1031978.167,3663.385827000001,10.0,264428.5714,1672913.783,8505.905512000001,0.8918212615283342,0,0
946795.8632,935267.9504,4163.385827,31.0,236688.9286,916422.1418,11616.14173,0.8918212615283342,0,0
937967.3307,932331.4324,8228.346457,31.0,236688.9286,710241.1099,11695.86614,1.0006607804515772,0,0
962701.5288,919864.9095,4318.897638,31.0,369571.4286,3063911.308,11910.43307,0.8692942392849475,0,0
947353.772,936391.4517,4074.80315,20.0,496892.8571,2494762.291,11832.67717,0.7063950542796786,0,0
1004452.262,921126.5976,4429.133858,20.0,580142.8571,5522232.355,11984.25197,0.7063950542796786,0,0
945844.9533,932917.6402,4428.149606,30.0,692410.7143,4431484.268999999,12553.14961,0.7711646606364143,0,0
945714.0715,933075.5006,4512.795276,30.0,924142.8571,4986288.772,12413.38583,0.9026284412459752,0,0
941788.5384,924078.1711,4167.322835,30.0,710571.4286,4676938.9860000005,11933.07087,0.5546183566222742,0,0
1067056.226,993436.13,6212.598425,30.0,880857.1429,3986569.617,11205.70866,0.5546183566222742,0,0
927542.2189,943166.4997,9251.968504,50.0,1086219.2859999998,7956421.005,11695.86614,0.9523085806942425,1,0
949589.1903,940023.4439,4567.913386,31.0,759107.1429,2809737.84,11939.96063,0.8692942392849475,0,0
932399.201,924843.8988,7378.937008,37.0,779152.8571,2383408.059,11802.16535,1.0019873653802,0,0
941353.4055,936308.1705,3884.84252,37.0,1969285.714,3733491.483,11876.9685,0.9596963204464736,0,0
937927.0649,933268.0142,7599.409449,37.0,608028.4663,10239854.42,11690.94488,0.9986063829166982,0,0
940588.9937,934762.6445,3543.307087,37.0,613285.7143,2967219.709,11693.89764,0.9986063829166982,0,0
940936.094,935534.3758,9513.779528,37.0,1061000.0,6139155.7,11735.23622,0.8878276945462743,1,0
943733.3929,1072596.73,4452.755906,37.0,646571.4286,2415858.052,10242.12598,0.8580278252863394,0,0
941367.1125,924285.6356,4269.685039,30.0,757464.2857,4474790.907,11863.18898,0.8580278252863394,0,0
917089.9567,947078.0007,9786.417323,56.0,757464.2857,12760793.26,11468.50394,0.9252374029075622,0,0
1004397.521,1003313.681,4260.826771999999,56.0,299000.0,2521865.89,7428.149606,0.9252374029075622,0,0
962548.4203,930072.2568,4547.244094,56.0,533142.8571,3879676.065,11997.04724,0.9090149821220627,0,0
962832.2288,942587.2433,7437.007874,56.0,1571428.571,7369339.223999999,12029.52756,0.874369583994872,0,0
1007715.809,1010624.65,4268.700787,56.0,322714.2857,2615547.905,7567.913386,0.874369583994872,0,0
930859.6949,946603.9791,4566.929134,30.0,973857.1429,6118185.304,11755.90551,0.9523085806942425,0,0
1019503.105,1010609.293,4259.84252,30.0,278428.5714,2323078.36,7500.984251999999,0.9523085806942425,0,0
917470.3084,959917.1329,9380.905512,30.0,1219285.7140000002,9885678.256,11356.29921,0.9971913272770903,0,0
948372.1888,938674.9506,4374.015748,30.0,506142.8571,4448925.831,12513.77953,0.8293046663001791,0,0
946759.9813,933601.2033,4233.267717000001,22.0,487479.5,3679387.617,11920.27559,0.9252374029075622,0,0
950450.0329,918974.2199,4725.393701,22.0,991714.2857,5403147.312000001,12017.71654,0.786047879585602,0,0
944166.0894,930371.1092,4770.669290999999,22.0,849142.8571,4581999.995,12551.1811,0.8293046663001791,0,0
955935.2501,940547.2642,4315.944882,22.0,884000.0,5355990.031,12001.9685,0.9490833369538014,0,0
1006417.303,1008278.755,4030.511811,22.0,284428.5714,2200969.341,7370.078740000001,0.9490833369538014,0,0
1006905.124,1020532.09,4238.188976,22.0,305000.0,2126770.829,7466.535433,0.9490833369538014,0,0
974535.0206,930881.0727,4563.976378,22.0,901714.2857,6528929.463,12125.0,0.9507170793714552,0,0
955994.0081,928742.4087,4537.401575,22.0,940428.5714,6094769.967,11533.46457,1.030382672860129,0,0
962074.3774,931157.851,4616.141732,22.0,537285.7143,3836839.594,11985.23622,0.9275973506953992,0,0
1033968.81,1016221.929,3982.283465,22.0,537285.7143,3836839.594,4552.165354,0.9275973506953992,0,0
1070423.471,998283.9625,9029.527559,22.0,1310714.2859999998,526877.5577,10642.71654,0.9275973506953992,0,0
934546.1495,945407.1194,9362.204724,49.0,1087645.7140000002,8210803.722999999,11774.6063,0.958289233840266,0,0
941081.8109,948005.9117,4484.251969,49.0,903285.7143,5640977.873,11830.70866,0.958289233840266,0,0
918753.5365,959129.8429,9532.480315,45.0,438535.2143,11429698.45,11465.55118,0.9765185323813284,1,1
947893.4839,937442.2153,4360.236220000001,45.0,903000.0,4836821.88,11910.43307,0.9227903399258666,0,0
974131.1591,931082.7903,4541.338583,45.0,940571.4286,6080945.441000001,11847.44094,0.9637291374803095,0,0
922025.1847,944935.9967,9311.023622,51.0,1066369.071,8265903.279,11596.45669,0.9624149872572304,0,0
993593.0697,1017517.817,4234.251969,51.0,311428.5714,2429082.876,7819.881890000001,0.9624149872572304,0,0
1008644.507,1013029.792,4264.763779999999,51.0,308285.7143,2386519.869,7628.937008,0.9624149872572304,0,0
950984.4195,919918.9403,4624.015748,51.0,989857.1429,5380887.833,11989.17323,0.8918212615283342,0,0
933845.1995,933051.1128,6810.03937,42.0,813510.0,5842150.19,12057.08661,0.9553725127999176,0,0
977381.2587,936456.6704,4519.685039,42.0,956428.5714,7244443.157000001,11937.99213,0.9553725127999176,0,0
945621.3035,956957.6177,4848.425197,42.0,957000.0,6026152.932999999,11288.38583,0.9662729529060341,0,0
917631.3334,936068.3453,9032.480315,42.0,1334571.429,8187231.172,11445.86614,0.9490833369538014,1,0
1005594.638,1029292.303,4282.480315,42.0,308428.5714,2386209.869,7773.622047,0.9490833369538014,0,0
1034501.093,1015899.27,4299.212598,42.0,300142.8571,2336826.862,8079.724409,0.9490833369538014,0,0
918043.0021,936903.3356,9031.496063,42.0,1352857.1430000002,8122593.209,11448.8189,0.9148633202485029,1,0
918458.2887,937737.7702,9226.377953,42.0,1379571.429,8283911.699,11545.27559,0.8449070458972403,1,0
919677.1634,940207.2738,9313.976378,42.0,1355285.7140000002,8416845.624,11486.22047,0.8449070458972403,0,0
918853.685,938537.4164,9552.165354,42.0,1422000.0,9031059.421,11428.14961,0.961071130411243,1,0
919265.414,939372.354,9401.574803,42.0,1375571.429,8381769.488,11499.01575,0.9342067302312695,1,0
943274.0707,940270.9148,4107.283465,42.0,2151285.714,3224700.213,11919.29134,0.9523085806942425,0,0
918911.4972,937644.8547,6848.425197,37.0,834604.4286,5881703.982000001,11631.88976,0.9538597857904455,0,0
944308.7977,928765.6407,6027.559055,37.0,1060571.429,5785375.157000001,11928.14961,0.8374666287558015,0,0
954955.8236,928218.7923,4325.787402,37.0,516428.5714,4420568.577,11993.11024,0.9490833369538014,0,0
1020799.91,1012941.848,4289.370079,37.0,308285.7143,2312429.858,7566.929134,0.9490833369538014,0,0
1005217.868,1005832.901,4273.622047,37.0,308857.1429,2134210.83,7373.031496,0.9490833369538014,0,0
941751.2243,947735.8041,9374.015748,50.0,1852571.429,12229904.89,11991.14173,0.9474052700602773,0,0
919027.4564,958994.3376,5298.228346,25.0,407157.8571,5241934.74,11469.48819,0.8692942392849475,1,1
917328.3367,959853.4966,9060.03937,25.0,1153285.7140000002,9591027.27,11357.28346,0.9252374029075622,0,0
968041.7811,929568.467,9407.480315,25.0,1923571.429,10782206.14,11921.25984,0.9971913272770903,1,0
968021.1131,929577.8383,10019.68504,25.0,2003428.571,11329008.59,11999.01575,0.9942438142135326,1,0
968043.2349,929602.8014,9924.212598,25.0,1992714.286,11467795.61,12061.02362,0.9993000568565547,0,0
1007788.131,1046632.51,4270.669290999999,25.0,304714.2857,2255597.254,7786.417323000001,0.9993000568565547,0,0
975098.5293,931968.2132,9519.685039,25.0,1129142.857,7323999.132999999,12042.32283,0.9402024588178787,0,0
945913.978,957485.83,4471.456693,32.0,920864.0,5761629.892000001,11626.9685,0.9650147563028656,0,0
948995.1749,939716.344,4437.007874,32.0,806714.2857,4151878.619,11889.76378,0.8580278252863394,0,0
965671.1252,924852.881,9703.740157,32.0,2138000.0,9249924.622,12350.3937,0.9886644097649394,0,0
965688.1967,924844.0496,9704.724409,32.0,2101285.714,9307881.714,12259.84252,0.9911259244279966,1,0
965705.7269,924838.2908,9894.685039,32.0,2135857.143,9091498.728,12107.28346,0.9911259244279966,1,0
938113.1228,924217.858,7800.19685,32.0,1348571.429,3001669.203,11853.34646,0.9342067302312695,0,0
938085.7168,924231.3772,7358.267717000001,32.0,1267428.571,2756959.962,11811.02362,0.9090149821220627,1,0
938061.9086,924244.3596,6948.818898,32.0,1178571.429,2661076.2090000003,11852.3622,0.9090149821220627,1,0
919000.0644,959007.888,9937.992126,24.0,490967.1429,10804540.17,11467.51969,0.9176102601156578,0,1
938034.5026,924257.8788,7313.976378,24.0,1251000.0,2753496.819,11672.24409,0.9176102601156578,1,0
939507.5847,944692.2626,4762.795276,24.0,1054857.143,6272702.614,11195.86614,0.9878187037540181,0,0
944977.463,932035.2017,4230.314961,24.0,787000.0,3319536.24,11990.15748,0.8918212615283342,0,0
944998.7456,932079.1686,4761.8110240000005,24.0,1007142.857,3664619.436,11957.67717,0.8878276945462743,0,0
916589.7866,960250.7005,9107.283465,43.0,1312948.2140000002,10142070.07,11391.73228,0.9852008442751339,0,1
1017846.158,910638.9804,4858.267717000001,43.0,699714.2857,4387397.465,12404.52756,0.9852008442751339,0,0
977159.8028,936009.3366,4745.07874,43.0,982571.4286,5372973.2360000005,11854.33071,0.996469488897356,0,0
1033066.512,1015057.205,4840.551181,43.0,184142.8571,1343865.708,4560.03937,0.996469488897356,0,0
1028753.09,920769.9192,4583.661417,43.0,661714.2857,4526998.973999999,12224.40945,0.9754660547759244,0,0
915402.3877,960916.69,9444.88189,45.0,1402716.071,10395541.61,11371.06299,0.9852008442751339,0,1
964503.1927,923780.2052,4332.677165,45.0,947142.8571,3951948.147,11919.29134,0.9721873680787441,0,0
1021864.17,932403.3915,4416.338583,45.0,752857.1429,3636688.063,12156.49606,0.961071130411243,0,0
1028307.814,920990.1193,4626.968504,45.0,660285.7143,4266639.16,12148.62205,0.9568484637059635,0,0
1023321.834,935355.8737,4475.393701,45.0,653857.1429,3625280.061,9603.346457,0.9650147563028656,0,0
1024055.51,936839.1603,3938.976378,45.0,386857.1429,4373151.4860000005,11361.22047,0.9538597857904455,0,0
950242.1841,941412.3009,4642.7165350000005,45.0,891857.1429,4710309.7530000005,11959.64567,0.8293046663001791,1,0
953640.1086,924333.5434,9157.480315,45.0,1835571.429,12047206.36,12337.59843,0.9765185323813284,0,0
950263.4787,941456.2565,4663.385827,45.0,951428.5714,4901702.306,11958.66142,0.8202862443392708,0,0
1020147.233,927225.015,4563.976378,45.0,871000.0,4456282.058999999,11670.27559,0.9815065955444632,0,0
1023556.335,923334.2348,4426.1811020000005,45.0,590000.0,3674694.069,12172.24409,0.9596963204464736,0,0
955775.6054,917765.548,4606.299213,45.0,1013714.286,6295052.879,11325.7874,0.9090149821220627,0,0
1004186.811,1003719.312,4304.133858,45.0,361000.0,2467538.382,7381.889764,0.9090149821220627,0,0
999631.6063,915765.264,6894.685039,45.0,952428.5714,4102004.409,12219.48819,0.9252374029075622,0,0
999647.8963,915800.4885,7024.606298999999,45.0,1017428.571,3249349.277,12364.17323,0.9252374029075622,0,0
957787.2649,945838.1613,6323.818898,38.0,1017428.571,8683411.344,11531.49606,0.9362682541349638,0,0
1032080.955,927549.4829,5472.440945,38.0,629285.7143,5318174.823,10955.70866,0.9765185323813284,0,0
1018843.206,913845.9538,7160.433071,38.0,612142.8571,6439072.997,12052.16535,0.9624149872572304,0,0
976575.1191,934953.7282,9572.834646,38.0,2016428.571,11275448.33,12203.74016,1.0172024688229895,0,0
1038759.021,1026087.158,4280.511811,38.0,204285.7143,2012985.312,8166.338583,1.0172024688229895,0,0
986750.7266,931399.5477,4651.574803,38.0,1221714.2859999998,5296185.855,11906.49606,1.0172024688229895,0,0
927632.4624,966519.4237,4658.464567,38.0,659571.4286,5720442.695,11258.85827,1.0172024688229895,0,0
1022556.738,925111.3586,7636.811024,38.0,1118857.143,6324000.978999999,12259.84252,0.967504775196054,0,0
1024242.368,929271.6655,7649.606298999999,38.0,1118857.143,6324000.978999999,11748.0315,0.0,0,0
965118.2357,923465.3662,4395.669290999999,38.0,860571.4286,3212236.735,12091.53543,0.0,1,0
1018869.658,919738.1712,7443.897637999999,38.0,860571.4286,3212236.735,11131.88976,0.0,0,0
984605.545,915486.3687,4241.141732,38.0,860571.4286,3212236.735,11945.86614,0.0,0,0
984616.8628,915512.934,4509.84252,38.0,860571.4286,3212236.735,11809.05512,0.0,0,0
1021500.74,926191.3745,7344.488189,38.0,860571.4286,3212236.735,11985.23622,0.0,0,0
1016474.058,916849.7913,8221.456693,38.0,860571.4286,3212236.735,11869.09449,0.0,0,0
1023703.369,929872.9629,7605.314961,38.0,860571.4286,3212236.735,11816.92913,0.0,0,0
1029878.688,928663.0412,7605.314961,38.0,860571.4286,3212236.735,12172.24409,0.0,0,0
1416493.127,987968.7166,1695.866142,38.0,860571.4286,3212236.735,4905.511811,0.0,0,0
1437613.829,1067165.769,1696.850394,38.0,860571.4286,3212236.735,5551.1811020000005,0.0,0,0
1411480.134,992169.422,2004.92126,38.0,860571.4286,3212236.735,4893.700787,0.0,0,0
1483403.6530000002,1032510.825,3120.07874,38.0,860571.4286,3212236.735,5226.377953,0.0,0,0
1484903.709,1033347.577,1512.795276,5.0,4830.357143,15732.50243,5199.80315,0.0,0,0
1470321.634,982523.7521,4277.559055,5.0,87857.14286,634353.0982,5244.094488000001,0.9456806436315238,0,0
1455912.259,957166.7786,3720.472441,8.0,67387.42857,597881.5925,5180.11811,0.423035857164402,0,0
1493372.265,952322.6407,4186.023622,8.0,269428.5714,2504853.9,8851.377953,1.0109891235542634,0,0
1440158.044,991299.4967,3223.425197,8.0,269428.5714,2504853.9,5011.8110240000005,0.0,0,0
1468754.532,960549.6336,3307.0866140000003,4.0,25609.64286,228568.202,5145.669290999999,0.0,0,0
1455716.884,955860.9124,3919.291339,9.0,72449.42857,646720.6239,5142.7165350000005,0.9842999824276125,0,0
1455735.66,954510.0202,3435.0393700000004,9.0,87048.92857,819478.484,5126.968504,0.9176102601156578,0,0
1451216.642,959218.4845,3997.047244,10.0,78461.64286,755424.355,5173.228346,0.9362682541349638,0,0
1470758.329,980951.0308,3487.204724,10.0,95714.28571,597860.1878,5228.346457,0.8791286218612396,0,0
1483298.3380000002,980556.4792,4232.283465,7.0,63296.92857,555073.5383,5218.503937,0.8293046663001791,0,0
1468555.427,959244.8136,5059.055118,10.0,81651.14286,811966.5185,5194.88189,0.895607189939859,0,0
1438663.686,1024123.164,2007.874016,10.0,63526.85714,182725.0997,5840.551181,0.895607189939859,0,0
1424572.051,983585.2083,5599.409449,10.0,118285.7143,779586.2754,5069.88189,0.9860873110883348,0,0
1450604.123,957616.4836,4601.377953,10.0,142285.7143,834636.0101,5233.267717000001,1.0104353962561963,0,0
1459974.883,946750.115,4179.133858,10.0,147857.1429,818942.6267,5232.283465,1.0104353962561963,0,0
1460294.729,948851.6792,4064.96063,10.0,98571.42857,697523.7270000001,5230.314961,0.9439070561860281,1,0
1460895.263,935385.7253,6854.330709000001,10.0,216428.5714,697523.7270000001,5255.905511999999,0.9439070561860281,0,0
1452130.764,934897.4875,4003.937008,10.0,357714.2857,697523.7270000001,5248.0314960000005,0.9439070561860281,0,0
1451743.291,927705.5264,4078.740157,10.0,138857.1429,851702.9890000001,5249.015748,0.9878187037540181,0,0
1453076.622,939259.3778,5885.826771999999,10.0,134857.1429,924466.6431,5219.488189,0.9878187037540181,0,0
1468982.158,938998.9016,6498.0314960000005,10.0,152000.0,965135.697,5235.236220000001,0.9553725127999176,0,0
1476056.392,949623.614,4007.874016,10.0,98142.85714,664981.1029,5242.125984,0.9553725127999176,0,0
1460363.806,932709.2514,6645.669290999999,10.0,170857.1429,1069838.213,5161.417323,0.9402024588178787,0,0
1459639.509,944545.5708,6448.818898,10.0,153285.7143,1041708.661,5190.944882,0.9402024588178787,1,0
1468359.9719999998,957939.4369,7773.622047,16.0,177888.5714,1633343.753,5176.1811020000005,0.9402024588178787,0,0
1455576.2859999998,954624.173,4025.590551,10.0,90424.92857,806759.6249,5156.4960630000005,0.9402024588178787,0,0
1478501.334,965745.7452,3880.905512,10.0,90142.85714,771852.8814,5157.480315,0.9402024588178787,0,0
1468698.87,936455.7034,4858.267717000001,10.0,163000.0,909927.6408,5158.464567,0.9402024588178787,0,0
1453829.001,944137.1193,4140.748031,10.0,107000.0,812401.6257,5257.874016,0.9402024588178787,0,0
1460403.985,949569.3558,4140.748031,10.0,106571.4286,760259.6177,5216.535433,0.9402024588178787,1,0
1453164.0469999998,939834.8538,6694.88189,10.0,151285.7143,1032563.66,5220.472441,0.9402024588178787,0,0
1468146.154,928908.116,4765.748031,10.0,211571.4286,695756.7267,5235.236220000001,1.004544177148741,0,0
1460564.115,935436.0032,6987.204723999999,10.0,170857.1429,1220423.689,5156.4960630000005,1.004544177148741,1,0
1468894.573,937816.6518,6744.094488,10.0,179857.1429,1187021.184,5231.299213,1.004544177148741,0,0
1468706.228,936504.1421,6709.645669,10.0,171000.0,1225182.19,5231.299213,1.004544177148741,0,0
1468483.376,934939.8016,6709.645669,10.0,160714.2857,1155680.179,5238.188976,1.004544177148741,1,0
1460509.945,933672.2074,6570.866142,10.0,172000.0,1155680.179,5185.03937,1.004544177148741,0,0
1460084.471,930868.1165,6755.905512,10.0,171285.7143,1279463.198,5166.338583,1.004544177148741,0,0
1476767.633,954170.0427,3998.031496,10.0,106142.8571,829591.1284,5217.519685,1.004544177148741,1,0
1476502.256,952404.9237,4271.653543,10.0,164571.4286,848020.6312,5232.283465,0.8580278252863394,0,0
1459902.831,945840.88,6793.307087,10.0,243000.0,1173133.182,5193.897638,1.0261002420274623,0,0
1459498.237,943253.386,6247.047243999999,10.0,172285.7143,1230808.69,5178.149606,1.0261002420274623,1,0
1459299.803,941948.2074,6570.866142,10.0,171714.2857,1214409.688,5177.165354,1.0261002420274623,0,0
1428214.679,951015.2866,4269.685039,10.0,130285.7143,813982.6259999999,5025.590551,1.0261002420274623,0,0
1513331.852,979128.1263,4267.7165350000005,10.0,130285.7143,491908.0761,5256.8897640000005,1.0261002420274623,0,0
1455585.707,952921.444,4397.637795000001,10.0,100905.2143,776689.6202,5131.8897640000005,1.0261002420274623,0,0
1455581.555,952894.1866,4635.826771999999,10.0,89585.92857,740946.6147,5178.149606,1.0261002420274623,0,0
1450004.626,953706.4972,4670.275591,10.0,142571.4286,647309.993,5267.7165350000005,1.007573578755084,0,0
1454124.525,946152.8763,3912.401575,10.0,118000.0,773496.6197,5263.779528,1.007573578755084,0,0
1468160.507,956631.5741,7783.464567,16.0,168053.0714,1316585.704,5205.708661,1.007573578755084,0,0
1453484.004,941964.6491,6848.425197,16.0,172000.0,1248447.693,5274.606299,1.007573578755084,1,0
1478471.356,966561.7993,4777.559055,16.0,98142.85714,760058.1176,5172.244094,1.007573578755084,0,0
1427529.4330000002,946436.6975,3734.251969,16.0,139571.4286,768552.1189,5095.472441,1.007573578755084,0,0
1451304.358,962183.6905,7229.330709000001,16.0,231714.2857,1209688.83,5288.385827,1.0369833285847223,0,0
1447479.3469999998,937391.6564,7197.834645999999,16.0,235142.8571,1183586.088,5243.110236,1.0369833285847223,1,0
1446789.2119999998,932819.8071,6317.913386,16.0,206000.0,1099911.17,5330.708661,0.9775519190240616,0,0
1481261.41,980964.7016,4249.015748,8.0,64698.35714,532259.749,5216.535433,0.9775519190240616,0,0
1473568.388,933093.066,4287.401575,8.0,160714.2857,757624.6173,5202.755906,0.9775519190240616,0,0
1473175.497,930480.2182,4303.149606,8.0,177857.1429,916437.6418,5202.755906,0.9775519190240616,0,0
1545506.255,944818.3897,6539.370079,8.0,185571.4286,903154.1398,5187.992126,0.9775519190240616,0,0
1454032.876,945429.3001,4330.708661,8.0,257000.0,1272364.197,5168.307087,0.9775519190240616,0,0
1450828.358,958918.1577,6586.614173,8.0,180428.5714,942812.7411,5277.559055,1.026907518550221,0,0
1529357.191,940605.0421,6646.653543,8.0,186428.5714,948924.1707,5128.937008,1.026907518550221,0,0
1453539.248,942328.1034,4227.362204999999,8.0,209428.5714,1015947.657,5171.259843,1.026907518550221,1,0
1450215.343,952381.9725,7259.84252,8.0,203285.7143,1049278.936,5195.866142,1.0087374499934136,0,0
1433976.978,954132.344,4710.629921,8.0,159428.5714,674715.1044,5220.472441,1.0087374499934136,0,0
1433460.594,950933.4191,7033.464567,8.0,260428.5714,1431983.2219999998,5145.669290999999,1.0087374499934136,0,0
1450084.431,951667.367,7259.84252,8.0,195142.8571,1089080.3590000002,5267.7165350000005,1.0209555590262906,1,0
1433715.75,952513.1893,4339.566929,8.0,224428.5714,1523851.736,8866.141732,1.0209555590262906,0,0
1448264.6,974541.9877,6892.716535,8.0,204428.5714,1042632.388,5196.850394,1.025691534626503,0,0
1470833.079,1016414.557,3875.0,8.0,205857.1429,1131928.639,5297.244094,1.025691534626503,0,0
1549257.5880000002,965630.9156,4461.614173,8.0,313714.2857,1618779.655,5048.228346,1.025691534626503,0,0
1549229.675,985666.6556,6888.779528,8.0,395285.7143,2535332.44,5043.307087,1.025691534626503,0,0
1453309.555,1006752.391,4025.590551,8.0,147857.1429,955892.5289,5349.409449,0.9886644097649394,0,0
1482193.367,955721.018,4069.88189,8.0,128571.4286,781693.5376,5253.937008,0.9553725127999176,0,0
1494653.905,998134.5562,4145.669290999999,8.0,171428.5714,1145591.523,5304.133858,0.996469488897356,0,0
1450549.242,1027929.768,6367.125984,8.0,171428.5714,1145591.523,6618.110236,0.8836050647842438,0,0
1447183.259,935174.2271,6964.5669290000005,8.0,76571.42857,723540.1120000001,5303.149606,1.0296317282856953,0,0
1443941.186,948613.2749,4578.740157,8.0,171285.7143,903898.1399,5262.795276,1.0296317282856953,0,0
1443133.398,944173.2868,4779.527559,8.0,138571.4286,688448.1065,5194.88189,1.0296317282856953,0,0
1455108.534,952182.2165,4034.448819,8.0,133428.5714,1122032.257,5153.543307,0.9743938320833514,0,0
1448293.283,974512.8004,6891.732282999999,8.0,205000.0,993762.7252,5183.070866,1.0231649163770178,0,0
1433075.679,951041.603,4938.976378,8.0,201714.2857,770148.6192,5231.299213,1.0231649163770178,0,0
1474024.77,933358.2241,4394.685039,8.0,142285.7143,918469.9874,5174.212598,1.0231649163770178,0,0
1443641.815,931490.306,7582.677165000001,8.0,298285.7143,1722089.755,5261.8110240000005,0.9971913272770903,0,0
1440220.114,957187.3073,4505.905511999999,8.0,212142.8571,648985.1004,5140.748031,0.9971913272770903,0,0
1465553.48,950761.8244,4654.527559,10.0,119331.4286,1078769.167,5154.527559,0.9971913272770903,0,0
1471966.688,955121.9083,4281.4960630000005,10.0,122260.0,1129588.508,5220.472441,0.9971913272770903,0,0
1466225.635,951402.9435,4724.409449,10.0,132000.0,1140015.581,5160.433071,0.9971913272770903,0,0
1443740.065,948259.5003,4573.818898,10.0,211285.7143,880012.6362,5186.023622,0.9971913272770903,0,0
1450684.195,991346.6255,4288.385827,10.0,211285.7143,880012.6362,5217.519685,0.9971913272770903,0,0
1486057.679,1033233.954,1973.425197,10.0,211285.7143,880012.6362,5209.645669,0.9971913272770903,0,0
1501613.4730000002,977247.8151,4758.858268,10.0,86000.0,752416.6164,5209.645669,0.9971913272770903,0,0
1549970.001,975206.1309,3489.173228,10.0,115142.8571,573494.9221,5040.3543310000005,0.9687112141532411,0,0
1471966.408,994082.7685,3964.566929,10.0,102857.1429,521941.5451,5280.511811,0.912001235290911,0,0
1534260.312,930515.8826,4342.519685,10.0,276857.1429,1952650.445,5126.968504,0.912001235290911,0,0
1444856.142,988023.7649,4204.724409,10.0,124857.1429,728170.1841,5145.669290999999,0.9596963204464736,0,0
1443355.7880000002,945611.8513,4823.818898,10.0,147714.2857,596108.6875,5217.519685,0.9596963204464736,0,0
1468912.4730000002,939436.9229,4793.307087,10.0,174857.1429,1056521.497,5132.874016,0.8638627871008836,0,0
1453898.377,945973.4579,4744.094488000001,10.0,190571.4286,842047.9637,5242.125984,0.9058944834171677,0,1
1453967.9640000002,1015928.113,4096.456693,10.0,190571.4286,414739.838,5227.362204999999,0.8692942392849475,0,0
1482185.981,955672.5987,4670.275591,10.0,157142.8571,1007345.156,5225.393701,0.8878276945462743,0,0
1467881.031,932621.5912,4937.992126,10.0,186428.5714,855321.1324,5177.165354,0.874369583994872,0,0
1482639.118,957990.9637,4153.543307,10.0,107142.8571,815520.4476,5210.629921,0.9026284412459752,0,0
1482646.968,958042.4085,4363.188976,10.0,110714.2857,928670.4652,5215.551181,0.9227903399258666,0,0
1453218.4419999998,944480.9655,4879.92126,10.0,300000.0,1314803.203,5158.464567,0.9026284412459752,1,0
1453531.882,942279.6428,4758.858268,10.0,193285.7143,856313.1325,5225.393701,0.9538597857904455,1,0
1467441.407,929724.2603,4933.070866,10.0,214571.4286,934557.1446,5188.976378,0.8878276945462743,0,0
1468663.128,937796.0653,4877.952756000001,10.0,218000.0,1059595.664,5178.149606,0.8992041370934405,0,0
1450365.081,956313.9648,4011.811024,10.0,134571.4286,923666.9168,5164.370079,0.961071130411243,0,0
1492470.0780000002,1022793.034,4370.07874,10.0,134571.4286,923666.9168,5325.391477,0.961071130411243,0,0
1457030.291,930590.9515,4876.968504,10.0,200285.7143,1002571.893,5230.314961,1.0311220734769209,0,0
1455124.126,952260.413,4382.874016,10.0,135285.7143,755720.3312,5125.0,1.0069816697157883,0,0
1454440.8180000002,947771.9216,4389.763779999999,10.0,159000.0,773650.5126,5163.385827,0.9824533207775524,0,1
1454428.836,947693.1753,4872.047243999999,10.0,170000.0,1907632.902,5175.19685,1.0172024688229895,0,0
1458380.102,970534.2646,4727.362204999999,10.0,100480.0,822575.5321,5166.338583,0.9795638833081439,0,0
1466480.257,953074.1961,4768.700787,10.0,100480.0,1138134.176,5151.574803,0.9795638833081439,0,0
1465219.226,948566.7285,4478.346457,10.0,122181.0,1092641.669,5226.377953,0.9795638833081439,0,0
1506893.451,976296.2521,4800.19685,10.0,104242.9286,769063.6190000001,5198.818898,1.0087374499934136,0,0
1454573.79,963553.6715,7330.708661,15.0,158502.4286,1291336.2,5151.574803,1.0032813507727991,0,0
1467136.695,943089.3314,7514.763779999999,15.0,261428.5714,1405106.217,5146.653543,0.9420819232681114,0,0
1458741.319,973643.2504,4030.511811,15.0,135857.1429,770489.6192,5262.795276,1.022730883502586,0,0
1439907.506,955232.1239,4569.88189,15.0,134714.2857,528948.6533,5247.047243999999,1.022730883502586,0,0
1432753.7759999998,943500.0162,3938.976378,15.0,98428.57143,554063.0857,5181.102362,1.022730883502586,0,0
1468268.493,935173.7541,4886.8110240000005,15.0,170000.0,891963.1379999999,5165.3543310000005,0.9058944834171677,0,0
1469995.5980000002,945832.4341,4962.598425,20.0,219242.7143,1058805.164,5184.055118,0.9420819232681114,0,0
1458323.185,973654.5197,4379.92126,20.0,89743.5,681451.7007,5151.574803,0.9420819232681114,0,0
1459116.0180000002,976005.2686,4754.92126,10.0,108548.5714,833791.6290000001,5156.4960630000005,0.9420819232681114,0,0
1456964.719,929745.813,4604.330709000001,10.0,108548.5714,833791.6290000001,5221.456693,0.9420819232681114,0,0
1433748.858,954157.7758,6734.251969,10.0,201857.1429,870247.6347,5083.661417,0.9420819232681114,0,0
1435820.166,965861.083,6800.19685,10.0,270714.2857,870247.6347,5180.11811,0.9420819232681114,0,0
1447734.033,971746.2205,5986.220472,10.0,171857.1429,1166127.18,5338.582677,1.0235951562943069,0,0
1454586.14,944660.3286,4812.992126,10.0,218428.5714,1064648.665,5234.251969,0.912001235290911,0,0
1453190.379,937147.3896,7322.834645999999,10.0,329714.2857,1614821.25,5254.92126,0.9456806436315238,1,0
1451892.064,931528.2906,4879.92126,10.0,218285.7143,1056604.164,5268.700787,0.92987564040383,0,0
1447122.96,932592.5345,4370.07874,10.0,301000.0,1285477.199,5280.511811,1.002638340774061,0,0
1453774.506,1011278.981,4160.433071,10.0,301000.0,1285477.199,5230.314961,0.9090149821220627,0,0
1471958.502,994031.3074,2126.968504,10.0,301000.0,402364.5623,5299.212598,0.9596963204464736,0,0
1450543.679,926325.6398,4879.92126,10.0,299428.5714,1330148.206,5261.8110240000005,0.9342067302312695,0,0
1486136.579,960466.9141,6842.519684999999,10.0,221428.5714,1347415.209,5222.440945,0.9420819232681114,0,0
1431412.9119999998,934473.2149,4544.291339,10.0,163142.8571,636910.5986,5226.377953,0.9420819232681114,0,0
1485678.711,939600.6474,4685.03937,10.0,137857.1429,676017.1046,5232.283465,0.9420819232681114,0,0
1440588.961,959800.4949,4617.125984,10.0,128000.0,627192.0971,5172.244094,0.9420819232681114,0,0
1447507.123,935100.2844,4198.818898,10.0,300571.4286,1249315.693,5292.322835,0.9523085806942425,0,0
1447864.956,937481.8681,4354.330709000001,10.0,298857.1429,1234107.977,5251.968504,0.93826565414555,1,0
1508227.242,1019694.907,4631.8897640000005,10.0,298857.1429,649352.6719,5199.80315,0.8580278252863394,0,0
1434156.219,955236.8447,4884.84252,10.0,145142.8571,663942.6028,5209.645669,0.8580278252863394,0,0
1466881.728,940492.0709,6989.173228000001,10.0,440428.5714,2128677.329,5211.614173,0.958289233840266,0,0
1428027.983,951167.7412,4973.425197,10.0,143000.0,695748.6077,5198.818898,0.958289233840266,0,0
1467026.237,942508.2954,6936.023622,10.0,452142.8571,1831480.283,5193.897638,0.9320772496828682,0,0
1467450.87,945178.8864,7217.519684999999,10.0,450857.1429,2192847.339,5214.566929,0.93826565414555,0,0
1451548.887,929240.8898,4628.937008,10.0,301285.7143,1356126.21,5271.653543,0.9342067302312695,0,0
1454452.385,948114.1322,5419.291339,10.0,210857.1429,1353739.21,5169.291339,0.958289233840266,0,0
1529684.358,946257.0585,4761.8110240000005,10.0,213428.5714,1048807.662,5117.125984,1.003916572429902,0,0
1454449.62,948095.96,4623.0314960000005,10.0,150857.1429,932634.4062,5179.133858,0.9624149872572304,0,0
1433768.248,952833.8812,7121.062992,10.0,199285.7143,836333.6294,5156.4960630000005,0.9624149872572304,0,0
1470496.243,949919.1833,4750.0,10.0,295285.7143,1453838.225,5224.409449,0.9275973506953992,0,0
1427325.544,945797.8376,2012.795276,10.0,144142.8571,576817.0893,5111.220472,0.9275973506953992,0,0
1438136.392,944148.5351,4637.795276,10.0,139428.5714,645135.9332,5194.88189,0.9275973506953992,0,0
1443935.189,932477.8945,6980.314961,15.0,158581.8571,1402316.217,5230.314961,1.0032813507727991,0,0
1471640.454,952981.7192,4480.314961,15.0,193647.6429,1118154.673,5258.858268,0.9886644097649394,0,0
1549377.258,964608.0249,4681.102362,15.0,120571.4286,552592.4308,5027.559055,0.9252374029075622,0,0
1494508.727,930916.6762,3557.0866140000003,15.0,120571.4286,552592.4308,5184.055118,0.9252374029075622,0,0
1443983.861,945262.1766,4978.346457,15.0,139428.5714,676017.1046,5221.456693,0.9252374029075622,0,0
1428315.148,947656.941,4925.19685,15.0,143857.1429,622821.0964,5074.80315,0.9252374029075622,0,0
1473916.7780000002,932646.8916,4810.03937,15.0,273000.0,1396488.216,5204.724409,0.9252374029075622,0,0
1444622.753,949510.7899,4687.992126,15.0,185857.1429,1129095.83,5141.732282999999,0.9878187037540181,0,0
1506638.496,974608.3094,4773.622047,13.0,79397.64286,690835.1069,5245.07874,0.9362682541349638,0,0
1433333.429,952469.0572,4968.503937,13.0,143142.8571,641002.5992,5240.15748,0.9362682541349638,0,0
1480849.9719999998,943010.1763,7024.606298999999,13.0,190142.8571,790500.1223,5225.393701,0.9362682541349638,0,0
1511662.336,1039855.019,4308.070866,13.0,190142.8571,790500.1223,5229.330709000001,0.9362682541349638,0,0
1480854.149,946183.3768,4127.952756000001,13.0,200000.0,1179798.183,5231.299213,0.895607189939859,0,0
1452022.061,934399.604,7496.062992,13.0,449285.7143,2175270.337,5116.141732,0.895607189939859,1,0
1451971.669,934407.2515,7496.062992,13.0,450571.4286,2184508.338,5253.937008,0.895607189939859,0,0
1427756.978,948538.8131,4968.503937,13.0,144142.8571,594983.0921,5203.740157,0.895607189939859,0,0
1442197.124,970409.7363,4147.637795000001,13.0,144142.8571,594983.0921,5158.464567,0.9785668379302251,0,0
1443137.221,928355.9062,4448.818898,13.0,144142.8571,594983.0921,5253.937008,0.9785668379302251,0,0
1434186.681,955436.8593,7114.173228000001,13.0,199285.7143,790872.1224,5097.440945,0.9785668379302251,0,0
1394830.754,945987.3588,4977.362204999999,13.0,201857.1429,1302144.13,5058.070866,0.0,0,0
1394898.5580000002,944906.1842,4695.866142,13.0,195285.7143,1204881.615,5129.92126,0.0,0,0
1465189.11,948199.5648,4850.393701,13.0,300142.8571,1409818.218,5113.188976,0.9420819232681114,0,0
1427048.667,943830.3695,4870.07874,13.0,182857.1429,774287.1198,5191.929134,0.9420819232681114,0,0
1543527.159,952053.3697,7795.275591,13.0,225000.0,1362868.711,5098.425197,0.9420819232681114,0,0
1437492.13,939568.3128,4525.590551,13.0,144857.1429,629114.0974,5233.267717000001,0.9420819232681114,0,0
1440424.76,958433.4617,4405.511811,13.0,143714.2857,640041.5991,5187.992126,0.9420819232681114,0,0
1458574.9330000002,976166.666,4687.992126,13.0,179000.0,640041.5991,5126.968504,0.9420819232681114,0,0
1493477.134,1029399.356,4430.11811,13.0,179000.0,640041.5991,5330.708661,0.9596963204464736,0,0
1547943.38,963158.3732,4786.417323,13.0,140000.0,590216.4723,5033.464567,0.9754660547759244,0,0
1496630.092,943270.9776,4465.551181,13.0,143571.4286,642568.0994,5197.834646,0.9754660547759244,0,0
1430802.23,930736.7254,7391.732282999999,13.0,232000.0,969354.65,5206.692913,0.9754660547759244,0,0
1456525.801,926850.5715,4507.874016,13.0,300714.2857,1408965.718,5253.937008,0.9721873680787441,0,0
1459819.481,945171.935,7007.874016,13.0,183000.0,1078335.167,5100.393701,0.9538597857904455,0,0
1434432.8280000002,1028546.101,5629.92126,13.0,157142.8571,1078335.167,5890.748031,0.9538597857904455,0,0
1439621.1509999998,938578.5499,7388.779528,13.0,227000.0,1004167.655,5245.07874,0.9538597857904455,1,0
1454941.981,951814.0219,4898.622047,13.0,196285.7143,1299737.201,5124.015748,0.9842999824276125,0,0
1455088.698,949947.8571,4327.755906,13.0,177571.4286,1007655.156,5131.8897640000005,0.9842999824276125,0,0
1455228.742,950335.5826,4983.267717000001,13.0,177571.4286,1007655.156,5171.259843,0.9842999824276125,0,0
1507496.799,1011624.943,4601.377953,13.0,177571.4286,1007655.156,5276.574803,0.9842999824276125,0,0
1455246.738,950332.8428,5768.700787,13.0,177571.4286,1007655.156,5248.0314960000005,0.9842999824276125,0,0
1506636.5180000002,1005903.283,4677.165354,13.0,177571.4286,1007655.156,5309.055118,0.9842999824276125,0,0
1470925.209,951647.2829,4633.858268,13.0,177571.4286,1007655.156,5257.874016,0.9842999824276125,1,0
1443426.794,928250.0388,4904.527559,13.0,177571.4286,1007655.156,5198.818898,0.9842999824276125,0,0
1459156.9430000002,976263.5534,4801.1811020000005,12.0,72864.28571,531386.5822,5157.480315,0.9490833369538014,0,0
1455969.116,966083.452,7272.637795000001,20.0,212391.4286,1561113.742,5187.992126,0.9456806436315238,0,0
1441370.8590000002,980852.1552,3645.669291,20.0,212391.4286,1561113.742,5144.685039,0.9456806436315238,0,0
1437849.274,942186.3672,4547.244094,20.0,193714.2857,775403.12,5096.456693,0.9456806436315238,0,0
1434365.1,956076.3604,7341.535433,20.0,261571.4286,1090781.669,5118.110236,0.9456806436315238,0,0
1444186.4840000002,946570.4308,4929.133858,20.0,180285.7143,686123.1062,5189.96063,0.9456806436315238,0,0
1532992.361,929855.389,6855.314961,20.0,201000.0,1219788.189,5141.732282999999,0.9852008442751339,0,0
1488842.5669999998,1019153.065,7253.937008,20.0,201000.0,415818.5644,5312.007874,0.9852008442751339,0,0
1471078.11,1019482.256,4905.511811,20.0,201000.0,415818.5644,5275.590551,0.958289233840266,0,0
1473442.634,929498.2935,4560.03937,20.0,279857.1429,1276700.507,5227.362204999999,0.9927072832290875,0,0
1473384.315,929113.8649,4376.968504,20.0,288857.1429,1333527.206,5211.614173,0.9824533207775524,1,0
1433346.834,951952.2832,6616.141732,20.0,265571.4286,1214704.188,5168.307087,0.9824533207775524,0,0
1453510.705,942140.3187,7285.433070999999,20.0,250428.5714,1514861.7340000002,5078.740157,0.9824533207775524,0,0
1453543.45,1009754.954,4153.543307,20.0,250428.5714,1514861.7340000002,5284.448819,0.0,0,0
1480826.046,945998.7707,4092.519685,20.0,214285.7143,1268055.196,5232.283465,0.0,0,0
1486452.9230000002,947495.1143,4550.19685,20.0,166285.7143,694772.1075,5214.566929,0.0,0,0
1480535.502,943726.8483,4218.503937,20.0,204285.7143,1210240.187,5240.15748,0.9420819232681114,0,0
1437457.355,939533.2921,4887.795276,20.0,274428.5714,958101.6483,5206.692913,0.9420819232681114,1,0
1427950.316,949107.9412,4774.606299,20.0,180714.2857,843184.6305,5220.472441,0.9420819232681114,0,0
1444888.503,950555.2557,4928.149606,20.0,180714.2857,843184.6305,5176.1811020000005,0.9420819232681114,0,0
1422458.691,946531.3301,4882.874016,20.0,177285.7143,766103.1186,5239.173228000001,0.9420819232681114,0,0
1465963.27,986024.0953,7106.299212999999,20.0,177285.7143,766103.1186,5207.677165,0.9420819232681114,0,0
1494257.38,1031892.99,4971.456693,20.0,177285.7143,766103.1186,5347.440945,0.0,0,0
1439323.56,936618.1088,6937.992126,20.0,291857.1429,1269806.697,5267.7165350000005,0.0,0,0
1493356.864,1025883.586,7337.598425,20.0,291857.1429,444075.0687,5351.377953,0.9090149821220627,0,0
1443793.263,944032.6854,4984.251969,20.0,181857.1429,840286.13,5207.677165,0.9090149821220627,0,0
1485765.017,942928.0024,4518.700787,20.0,167285.7143,778518.6205,5206.692913,0.9090149821220627,0,0
1426712.07,941202.1368,4857.283465,20.0,205428.5714,856065.1325,5201.771654,0.9090149821220627,0,0
1434241.6609999998,956523.0788,4568.897638,20.0,205428.5714,856065.1325,5184.055118,0.9090149821220627,0,0
1482062.003,954183.4633,4302.165354,20.0,215285.7143,1163931.716,5226.377953,0.9090149821220627,0,0
1481784.283,951999.372,4342.519685,20.0,228571.4286,1303240.202,5245.07874,0.9275973506953992,0,0
1470326.245,925994.6679,7380.905512,20.0,450857.1429,2174185.336,5288.385827,0.9275973506953992,0,0
1432106.671,959090.3891,7357.283465,20.0,228714.2857,1035400.16,5109.251969,0.9275973506953992,0,0
1506387.591,1003929.351,4582.677165,20.0,228714.2857,488082.5279,5292.322835,0.9275973506953992,0,0
